City_ID,City,Country,Lat,Lng,Max Temp,Humidity,Cloudiness,Wind Speed,Current Description
0,Jishou,CN,28.3167,109.7167,49.93,86,100,0.92,overcast clouds
1,Klaksvik,FO,62.2266,-6.589,35.6,64,75,24.16,light snow
2,San Cristobal,VE,7.7669,-72.225,65.05,85,37,1.36,scattered clouds
3,Ushuaia,AR,-54.8,-68.3,46.4,81,75,25.32,light intensity drizzle
4,Port Macquarie,AU,-31.4333,152.9167,90.0,44,46,1.99,scattered clouds
5,Koutsouras,GR,35.0339,25.9469,53.01,71,39,8.5,scattered clouds
6,Hilo,US,19.7297,-155.09,75.2,64,75,6.8,light rain
7,Chapais,CA,49.7834,-74.8492,5.0,85,90,9.22,light snow
8,Thompson,CA,55.7435,-97.8558,-9.4,84,90,3.24,light snow
9,Ilulissat,GL,69.2167,-51.1,15.8,67,89,2.3,overcast clouds
10,Albany,US,42.6001,-73.9662,33.01,58,23,5.19,light snow
11,Yar-Sale,RU,66.8333,70.8333,-35.99,83,100,7.96,overcast clouds
12,Salalah,OM,17.0151,54.0924,75.2,38,0,20.71,clear sky
13,Busselton,AU,-33.65,115.3333,90.0,42,0,3.0,clear sky
14,Atuona,PF,-9.8,-139.0333,78.42,78,57,14.07,broken clouds
15,Thanh Hoa,VN,19.8,105.7667,74.52,56,0,2.19,clear sky
16,San Patricio,US,28.017,-97.5169,64.4,100,90,4.61,mist
17,East London,ZA,-33.0153,27.9116,71.8,84,0,14.07,clear sky
18,Hukuntsi,BW,-24.0,21.75,73.47,63,99,9.57,overcast clouds
19,Nikolskoye,RU,59.7035,30.7861,17.6,86,90,13.42,overcast clouds
20,Port-Gentil,GA,-0.7193,8.7815,80.69,77,100,6.76,overcast clouds
21,Arraial Do Cabo,BR,-22.9661,-42.0278,74.62,91,29,10.51,scattered clouds
22,Berea,US,41.3662,-81.8543,37.0,64,20,11.5,few clouds
23,Lompoc,US,34.6391,-120.4579,50.0,87,1,3.44,clear sky
24,Half Moon Bay,US,37.4636,-122.4286,50.0,87,90,4.61,overcast clouds
25,Vaini,TO,-21.2,-175.2,84.2,84,75,13.8,light rain
26,Port Alfred,ZA,-33.5906,26.891,66.0,95,0,7.23,clear sky
27,Port Augusta,AU,-32.5,137.7667,99.0,20,0,14.97,clear sky
28,Qaanaaq,GL,77.484,-69.3632,11.41,91,86,1.74,overcast clouds
29,Sainte-Marie,RE,-20.8968,55.5496,78.8,78,75,10.36,broken clouds
30,Hobart,AU,-42.8794,147.3294,72.0,37,75,16.11,broken clouds
31,Punta Arenas,CL,-53.15,-70.9167,46.4,71,90,19.57,overcast clouds
32,Wakkanai,JP,45.4094,141.6739,26.6,59,75,19.57,broken clouds
33,Fenoarivo,MG,-18.933,47.4354,66.2,100,75,5.75,broken clouds
34,Barrow,US,71.2906,-156.7887,1.4,71,90,26.46,snow
35,Carnarvon,AU,-24.8667,113.6333,82.4,74,75,14.97,broken clouds
36,Carnot,CF,4.9409,15.8665,63.95,28,33,2.53,scattered clouds
37,Sitka,US,57.0531,-135.33,39.2,81,90,4.61,overcast clouds
38,Dabakala,CI,8.3667,-4.4333,71.62,29,0,3.09,clear sky
39,Cabo San Lucas,MX,22.8909,-109.9124,70.0,83,75,9.22,broken clouds
40,Saint George,US,37.1041,-113.5841,53.01,46,1,6.91,clear sky
41,Saint-Philippe,RE,-21.3585,55.7679,80.6,74,0,5.75,clear sky
42,Bluff,NZ,-46.6,168.3333,61.0,80,79,11.99,light rain
43,Ponta Do Sol,PT,32.6667,-17.1,60.01,83,51,7.07,broken clouds
44,Ngama,TD,11.7833,17.1667,61.03,30,2,11.03,clear sky
45,Hithadhoo,MV,-0.6,73.0833,82.17,72,50,8.16,scattered clouds
46,New Norfolk,AU,-42.7826,147.0587,72.0,48,98,3.0,overcast clouds
47,Pacific Grove,US,36.6177,-121.9166,52.0,82,90,2.15,overcast clouds
48,Avarua,CK,-21.2078,-159.775,86.0,70,74,5.75,broken clouds
49,Cape Town,ZA,-33.9258,18.4232,66.2,77,0,3.44,clear sky
50,Fairbanks,US,64.8378,-147.7164,1.4,85,20,3.44,few clouds
51,Bambous Virieux,MU,-20.3428,57.7575,82.0,74,20,9.22,few clouds
52,Kapaa,US,22.0752,-159.319,73.4,83,75,19.57,light rain
53,Katsuura,JP,35.1333,140.3,53.01,57,20,3.44,few clouds
54,Tiksi,RU,71.6872,128.8694,-32.6,82,100,18.01,overcast clouds
55,Bara,NG,10.3744,10.7288,62.71,29,100,8.93,overcast clouds
56,Laguna,US,38.421,-121.4238,54.0,50,1,4.61,clear sky
57,Tuktoyaktuk,CA,69.4541,-133.0374,-7.6,77,90,14.97,overcast clouds
58,Mahebourg,MU,-20.4081,57.7,80.6,74,20,9.22,few clouds
59,Vila Velha,BR,-20.3297,-40.2925,75.99,88,20,2.3,light rain
60,Bolshoy Lug,RU,52.0779,104.0919,6.8,78,0,11.18,clear sky
61,Manokwari,ID,-0.8667,134.0833,83.41,71,96,5.88,overcast clouds
62,Dikson,RU,73.5069,80.5464,-26.28,83,3,6.06,clear sky
63,Kendari,ID,-3.945,122.4989,89.13,57,0,3.49,clear sky
64,Pisco,PE,-13.7,-76.2167,69.8,83,0,6.91,clear sky
65,Rikitea,PF,-23.1203,-134.9692,78.85,72,2,14.41,clear sky
66,Toktogul,KG,41.8708,72.9402,34.2,79,100,0.4,snow
67,Torbay,CA,47.6666,-52.7314,32.0,93,90,23.02,snow
68,Antofagasta,CL,-23.65,-70.4,66.2,77,20,11.5,few clouds
69,Kununurra,AU,-15.7667,128.7333,77.0,100,75,3.44,light rain
70,Kahului,US,20.8947,-156.47,73.4,73,40,20.71,light rain
71,Portland,US,45.5234,-122.6762,45.0,76,75,2.89,broken clouds
72,Mount Isa,AU,-20.7333,139.5,93.2,46,88,11.5,overcast clouds
73,Cabedelo,BR,-6.9811,-34.8339,77.0,88,20,4.61,few clouds
74,Adrar,MR,20.5022,-10.0711,60.03,26,76,11.07,broken clouds
75,Coahuayana,MX,18.7333,-103.6833,75.33,61,83,1.97,broken clouds
76,Fortuna,US,40.5982,-124.1573,46.0,93,75,6.55,broken clouds
77,Tuatapere,NZ,-46.1333,167.6833,61.0,80,77,11.99,light rain
78,Behbahan,IR,30.5959,50.2417,41.0,70,0,11.5,clear sky
79,Bubaque,GW,11.2833,-15.8333,77.76,64,100,8.25,overcast clouds
80,Tumut,AU,-35.3,148.2167,91.4,19,0,9.22,clear sky
81,Malanje,AO,-9.5402,16.341,61.54,94,100,3.58,overcast clouds
82,Mehamn,NO,71.0357,27.8492,21.72,92,100,23.96,overcast clouds
83,Loandjili,CG,-4.7561,11.8578,78.78,86,100,5.44,light rain
84,Broken Hill,AU,-31.95,141.4333,93.2,9,0,9.22,clear sky
85,San Andres,CO,12.5847,-81.7006,80.6,74,20,13.8,few clouds
86,Morehead,US,37.2711,-87.1764,37.0,93,1,5.77,clear sky
87,Luganville,VU,-15.5333,167.1667,85.62,73,71,1.01,broken clouds
88,Jamestown,US,42.097,-79.2353,35.01,69,90,20.71,light snow
89,Tura,IN,25.5198,90.2201,67.35,46,2,1.52,clear sky
90,Mount Gambier,AU,-37.8333,140.7667,77.0,44,69,13.8,broken clouds
91,Butaritari,KI,3.0707,172.7902,79.86,81,54,13.98,moderate rain
92,Zhovti Vody,UA,48.3473,33.5003,35.6,100,90,11.18,fog
93,Bulalacao,PH,12.3254,121.3435,81.66,77,100,8.66,light rain
94,Taksimo,RU,56.3444,114.8794,-18.81,80,60,0.67,broken clouds
95,Havoysund,NO,70.9963,24.6622,12.2,73,0,20.71,clear sky
96,Ceres,US,37.5949,-120.9577,55.0,40,1,3.24,clear sky
97,Bredasdorp,ZA,-34.5322,20.0403,64.4,88,14,4.99,few clouds
98,Siocon,PH,7.7061,122.1353,80.58,80,98,4.29,overcast clouds
99,Bacolod,PH,10.6667,122.95,81.46,77,96,4.74,overcast clouds
100,Victoria,HK,22.2855,114.1577,71.01,77,90,1.01,overcast clouds
101,Rio Gallegos,AR,-51.6226,-69.2181,51.8,46,0,8.05,clear sky
102,Ahipara,NZ,-35.1667,173.1667,67.05,57,19,10.54,few clouds
103,Borogontsy,RU,62.6683,131.1683,-47.4,76,72,2.35,broken clouds
104,Bartlesville,US,36.7473,-95.9808,44.01,93,1,4.56,clear sky
105,Goderich,CA,43.7501,-81.7165,35.6,69,100,18.41,overcast clouds
106,Chicama,PE,-7.8447,-79.1469,70.83,77,89,5.12,overcast clouds
107,Port Lincoln,AU,-34.7333,135.8667,75.43,38,0,10.63,clear sky
108,Leh,IN,34.1667,77.5833,14.85,57,100,3.33,overcast clouds
109,Hermanus,ZA,-34.4187,19.2345,66.0,82,0,9.8,clear sky
110,Muhos,FI,64.808,25.9931,12.99,85,90,21.85,heavy snow
111,La Ronge,CA,55.1001,-105.2842,6.8,72,100,14.97,overcast clouds
112,Tiznit,MA,29.5833,-9.5,52.65,76,0,1.28,clear sky
113,Cherskiy,RU,68.75,161.3,-40.07,81,31,2.08,scattered clouds
114,Ohara,JP,35.25,140.3833,53.01,43,20,5.75,few clouds
115,Aranos,NA,-24.1333,19.1167,75.2,60,73,11.27,broken clouds
116,Henties Bay,NA,-22.116,14.2845,68.0,89,84,4.63,broken clouds
117,Chuy,UY,-33.6971,-53.4616,67.75,83,0,9.51,clear sky
118,Upernavik,GL,72.7868,-56.1549,25.45,98,100,10.49,overcast clouds
119,Cayenne,GF,4.9333,-52.3333,73.4,100,0,12.48,clear sky
120,Mataura,NZ,-46.1927,168.8643,61.0,80,81,11.99,broken clouds
121,Kempsey,AU,-31.0833,152.8333,84.0,65,65,5.01,broken clouds
122,Kruisfontein,ZA,-34.0033,24.7314,68.0,92,100,1.01,overcast clouds
123,Bahia Blanca,AR,-38.7196,-62.2724,89.94,15,0,19.93,clear sky
124,Hofn,IS,64.2539,-15.2082,28.49,88,0,24.25,clear sky
125,Poum,NC,-20.2333,164.0167,79.48,76,100,14.12,light rain
126,Norman Wells,CA,65.282,-126.8329,5.0,85,90,4.61,light snow
127,Ribeira Grande,PT,38.5167,-28.7,59.76,73,100,10.09,overcast clouds
128,Bukachacha,RU,52.9833,116.9167,-5.44,82,25,1.7,scattered clouds
129,Vostok,RU,46.4856,135.8833,3.07,83,0,5.48,clear sky
130,Lebu,CL,-37.6167,-73.65,60.94,82,0,17.25,clear sky
131,Mercedes,AR,-34.6515,-59.4307,75.99,71,0,4.0,clear sky
132,San Vicente,AR,-26.6167,-54.1333,65.44,100,58,5.55,broken clouds
133,Vitoria,BR,-20.3194,-40.3378,75.99,88,20,2.3,light rain
134,Bartica,GY,6.4,-58.6167,73.4,100,40,2.3,scattered clouds
135,Faanui,PF,-16.4833,-151.75,81.79,71,36,17.02,scattered clouds
136,Santa Rosa,PH,14.3122,121.1114,82.4,78,90,4.61,moderate rain
137,Chokurdakh,RU,70.6333,147.9167,-42.0,81,44,5.95,scattered clouds
138,Nome,US,64.5011,-165.4064,28.4,86,40,9.22,scattered clouds
139,Sakakah,SA,29.9697,40.2064,35.6,41,0,6.42,clear sky
140,Khatanga,RU,71.9667,102.5,-34.26,83,83,3.96,broken clouds
141,Namibe,AO,-15.1961,12.1522,72.21,77,100,7.45,overcast clouds
142,Souillac,MU,-20.5167,57.5167,80.6,74,20,9.22,few clouds
143,Airai,TL,-8.9266,125.4092,74.68,76,46,3.02,light rain
144,Hamilton,US,39.1834,-84.5333,42.01,52,1,10.36,clear sky
145,Bethel,US,41.3712,-73.414,30.99,74,90,4.07,overcast clouds
146,Gemena,CD,3.25,19.7667,69.42,50,30,1.57,scattered clouds
147,Clyde River,CA,70.4692,-68.5914,-4.0,84,1,3.44,clear sky
148,Jalu,LY,29.0331,21.5482,43.5,62,0,7.16,clear sky
149,Petropavlovsk-Kamchatskiy,RU,53.0452,158.6483,14.0,57,9,6.71,clear sky
150,Alofi,NU,-19.0595,-169.9187,86.0,74,75,8.05,light rain
151,Provideniya,RU,64.3833,-173.3,26.6,93,90,17.9,snow
152,Talara,PE,-4.5772,-81.2719,72.28,82,53,13.06,broken clouds
153,Saravan,AM,39.7196,45.6483,5.0,78,0,4.61,clear sky
154,Lorengau,PG,-2.0226,147.2712,85.86,58,100,3.94,overcast clouds
155,Vallenar,CL,-28.5708,-70.7581,63.48,59,0,1.32,clear sky
156,Lata,PT,40.1629,-8.3327,57.99,79,94,28.01,overcast clouds
157,Port Elizabeth,ZA,-33.918,25.5701,68.0,94,40,4.61,scattered clouds
158,Vanimo,PG,-2.6741,141.3028,83.26,73,100,3.89,light rain
159,Bulgan,MN,48.8125,103.5347,16.11,86,12,2.04,few clouds
160,Kodiak,US,57.79,-152.4072,42.8,81,90,16.11,mist
161,Talnakh,RU,69.4865,88.3972,-40.34,77,20,2.66,few clouds
162,Daan,CN,33.0558,106.2958,43.0,70,91,1.7,overcast clouds
163,Catamarca,AR,-28.4696,-65.7852,64.99,74,97,10.0,overcast clouds
164,Bilibino,RU,68.0546,166.4372,-16.2,84,100,4.03,overcast clouds
165,Vila Franca Do Campo,PT,37.7167,-25.4333,54.0,93,20,3.44,few clouds
166,Albion,US,42.2431,-84.753,34.0,69,90,8.05,overcast clouds
167,Kloulklubed,PW,7.0419,134.2556,84.2,79,75,10.36,light rain
168,Paita,PE,-5.0892,-81.1144,72.9,78,57,12.37,broken clouds
169,Tasiilaq,GL,65.6145,-37.6368,12.2,62,75,5.75,broken clouds
170,Saint-Augustin,CA,51.226,-58.6502,14.74,91,100,5.41,overcast clouds
171,Araouane,ML,18.9048,-3.5265,60.73,25,16,12.57,few clouds
172,Unai,BR,-16.3575,-46.9061,67.35,83,1,0.76,clear sky
173,Ravar,IR,31.2656,56.8055,31.93,84,0,3.91,clear sky
174,Barra Do Garcas,BR,-15.89,-52.2567,73.69,79,98,1.12,overcast clouds
175,Hastings,GB,50.8552,0.5729,37.0,84,1,1.99,clear sky
176,Bouar,CF,5.934,15.596,65.21,26,39,6.87,scattered clouds
177,Gat,IL,31.61,34.7642,46.0,74,0,1.01,clear sky
178,Oudtshoorn,ZA,-33.5907,22.2014,66.2,94,75,2.3,broken clouds
179,Buala,SB,-8.145,159.5921,86.05,55,98,9.06,overcast clouds
180,Pantelho,MX,16.9333,-92.55,71.6,78,40,4.61,scattered clouds
181,Aklavik,CA,68.2191,-135.0107,1.4,85,64,4.61,broken clouds
182,Isangel,VU,-19.55,169.2667,80.6,89,90,9.26,light rain
183,Porangatu,BR,-13.4408,-49.1486,72.23,74,40,1.59,scattered clouds
184,Oeiras,BR,-7.0253,-42.1311,72.9,87,100,2.1,overcast clouds
185,Mildura,AU,-34.2,142.15,95.0,6,52,9.22,broken clouds
186,Lasa,IT,46.6166,10.7002,33.01,93,75,3.44,snow
187,Ejura,GH,7.3856,-1.3562,73.17,86,87,1.83,overcast clouds
188,Borovskoy,KZ,53.8,64.15,-7.02,91,99,5.66,overcast clouds
189,Tabou,CI,4.423,-7.3528,77.92,87,4,6.89,clear sky
190,Te Anau,NZ,-45.4167,167.7167,61.92,59,59,7.47,moderate rain
191,Urla,TR,38.3229,26.764,46.4,93,40,1.14,scattered clouds
192,Georgetown,MY,5.4112,100.3354,82.4,74,20,3.44,few clouds
193,Kampot,KH,10.6167,104.1833,84.2,51,20,4.61,few clouds
194,Jequie,BR,-13.8575,-40.0836,66.22,89,85,2.1,overcast clouds
195,Pingliang,CN,35.5392,106.6861,37.99,64,11,4.0,few clouds
196,Esmeraldas,BR,-19.7625,-44.3139,71.6,64,0,6.91,clear sky
197,Bengkulu,ID,-3.8004,102.2655,83.61,65,98,7.76,overcast clouds
198,Nuuk,GL,64.1835,-51.7216,23.0,80,20,3.44,few clouds
199,Bathsheba,BB,13.2167,-59.5167,78.8,73,40,14.97,scattered clouds
200,Ancud,CL,-41.8697,-73.8203,63.0,88,0,1.14,clear sky
201,Kuroishi,JP,40.6389,140.5922,42.01,93,75,10.36,broken clouds
202,Ballina,AU,-28.8667,153.5667,81.0,57,21,12.66,few clouds
203,Jacqueville,CI,5.2052,-4.4146,78.8,94,20,3.44,few clouds
204,Saint-Georges,GD,12.0564,-61.7485,78.8,83,20,11.5,light rain
205,Nanortalik,GL,60.1432,-45.2371,23.02,88,0,4.03,clear sky
206,Palmer,US,42.1584,-72.3287,30.99,75,1,4.52,clear sky
207,Castro,BR,-24.7911,-50.0119,63.54,98,100,7.23,overcast clouds
208,Beringovskiy,RU,63.05,179.3167,-1.3,92,100,5.61,overcast clouds
209,Dinguiraye,GN,11.3,-10.7167,63.88,26,98,1.61,overcast clouds
210,Novaya Ladoga,RU,60.1025,32.3019,18.23,97,100,13.71,light snow
211,Nelson Bay,AU,-32.7167,152.15,89.01,42,0,10.36,clear sky
212,Ha Tinh,VN,18.3333,105.9,66.0,87,100,2.42,overcast clouds
213,Narsaq,GL,60.9167,-46.05,21.2,58,0,4.61,clear sky
214,Elizabethton,US,36.3487,-82.2107,39.2,93,90,5.75,overcast clouds
215,Nacala,MZ,-14.5428,40.6728,76.1,86,100,7.58,overcast clouds
216,Rio Grande,BR,-32.035,-52.0986,72.0,84,54,3.0,broken clouds
217,Deep River,CA,46.1001,-77.4995,30.2,80,90,2.3,overcast clouds
218,Bardiyah,LY,31.7561,25.0865,51.69,62,22,2.77,few clouds
219,Angoche,MZ,-16.2325,39.9086,76.3,86,100,14.88,light rain
220,Los Llanos De Aridane,ES,28.6585,-17.9182,66.2,77,75,5.75,broken clouds
221,Kaitangata,NZ,-46.2817,169.8464,68.0,51,67,8.99,broken clouds
222,Launceston,AU,-41.45,147.1667,75.2,38,75,18.41,broken clouds
223,Arman,RU,59.7,150.1667,-4.59,79,71,5.48,broken clouds
224,Asyut,EG,27.181,31.1837,41.0,87,0,5.75,clear sky
225,Port-Cartier,CA,50.0334,-66.8654,8.6,66,100,6.91,overcast clouds
226,Luderitz,NA,-26.6481,15.1594,68.67,69,18,12.55,few clouds
227,Nemuro,JP,43.3236,145.575,28.4,74,40,3.44,scattered clouds
228,Saskylakh,RU,71.9167,114.0833,-15.74,87,100,10.8,overcast clouds
229,San Quintin,MX,30.4833,-115.95,59.16,81,14,0.78,few clouds
230,Saint-Pierre,RE,-21.3393,55.4781,82.4,74,0,4.61,clear sky
231,Uinskoye,RU,56.8817,56.5813,5.11,94,100,4.36,light snow
232,Yellowknife,CA,62.456,-114.3525,-18.4,76,75,5.75,broken clouds
233,Iqaluit,CA,63.7506,-68.5145,32.0,69,75,23.02,snow
234,Constitucion,CL,-35.3333,-72.4167,58.05,88,16,5.5,few clouds
235,Safranbolu,TR,41.2508,32.6942,24.58,90,38,2.55,scattered clouds
236,Muravlenko,RU,63.7898,74.523,-37.82,82,51,16.6,broken clouds
237,Gusau,NG,12.1628,6.6614,62.69,28,0,15.35,clear sky
238,Viedma,AR,-40.8135,-62.9967,88.0,35,0,7.0,clear sky
239,Collie,AU,-33.3667,116.15,92.68,23,0,5.46,clear sky
240,Oyama,JP,36.3,139.8,57.0,35,20,2.3,few clouds
241,Vestmannaeyjar,IS,63.4427,-20.2734,29.66,89,34,24.54,scattered clouds
242,Itoman,JP,26.1247,127.6694,69.8,94,75,18.41,broken clouds
243,Kemin,KG,42.7846,75.6892,25.36,93,100,4.68,light snow
244,Cidreira,BR,-30.1811,-50.2056,74.25,84,99,17.29,overcast clouds
245,Bilma,NE,18.6853,12.9164,57.99,33,0,8.79,clear sky
246,Iquitos,PE,-3.7481,-73.2472,75.2,94,75,2.3,broken clouds
247,Jining,CN,35.405,116.5814,45.93,57,100,6.13,overcast clouds
248,Fougeres,FR,48.35,-1.2,41.0,87,90,4.61,overcast clouds
249,Cockburn Town,TC,21.4612,-71.1419,75.38,81,65,17.13,broken clouds
250,Gushikawa,JP,26.3544,127.8686,69.8,94,75,18.41,light rain
251,Sao Filipe,CV,14.8961,-24.4956,72.84,71,100,6.91,overcast clouds
252,Vicuna,CL,-30.0319,-70.7081,60.8,82,0,2.3,clear sky
253,Anaconda,US,46.1285,-112.9423,26.6,68,90,3.44,light snow
254,Samarai,PG,-10.6167,150.6667,85.69,69,96,3.74,moderate rain
255,Guerrero Negro,MX,27.9769,-114.0611,60.31,68,0,5.68,clear sky
256,Mar Del Plata,AR,-38.0023,-57.5575,71.01,94,0,6.91,clear sky
257,Carutapera,BR,-1.195,-46.02,78.73,83,100,7.78,overcast clouds
258,Gizo,SB,-8.103,156.8419,85.33,63,23,10.65,few clouds
259,Olafsvik,IS,64.8945,-23.7142,28.76,89,18,26.71,few clouds
260,Sabha,LY,27.0377,14.4283,44.4,55,0,9.08,clear sky
261,Haysville,US,37.5645,-97.3523,46.0,61,20,6.91,few clouds
262,Puerto Ayora,EC,-0.7393,-90.3518,75.99,93,92,3.0,overcast clouds
263,Makakilo City,US,21.3469,-158.0858,78.8,61,1,9.22,clear sky
264,Elko,US,41.0002,-115.5012,37.0,60,90,3.58,overcast clouds
265,Marawi,PH,7.9986,124.2928,82.0,82,81,5.99,broken clouds
266,Lagoa,PT,39.05,-27.9833,58.69,73,100,11.7,overcast clouds
267,Nhulunbuy,AU,-12.2333,136.7667,87.8,66,75,6.91,broken clouds
268,Giporlos,PH,11.12,125.4494,82.78,79,28,7.23,scattered clouds
269,Itaqui,BR,-29.1253,-56.5531,74.01,71,0,13.27,clear sky
270,Megion,RU,61.0296,76.1136,-22.0,76,0,11.18,clear sky
271,Geraldton,AU,-28.7667,114.6,87.8,42,0,12.66,clear sky
272,Boa Vista,BR,2.8197,-60.6733,82.4,61,0,8.05,clear sky
273,Eureka,US,40.8021,-124.1637,46.0,84,19,6.64,few clouds
274,Berdigestyakh,RU,62.0989,126.6992,-51.18,75,58,1.77,broken clouds
275,Caravelas,BR,-17.7125,-39.2481,74.68,83,2,3.44,clear sky
276,Oktyabrskoye,RU,43.0645,44.7417,14.0,85,0,2.24,clear sky
277,Liverpool,GB,53.4106,-2.9779,41.0,87,40,16.11,scattered clouds
278,Alice Springs,AU,-23.7,133.8833,100.4,8,0,12.66,clear sky
279,Zeya,RU,53.75,127.2667,-13.31,79,0,1.77,clear sky
280,Sur,OM,22.5667,59.5289,67.08,53,0,0.31,clear sky
281,Santa Cruz,BO,-17.8,-63.1667,78.8,65,75,3.44,broken clouds
282,Touros,BR,-5.1989,-35.4608,75.2,88,40,3.44,scattered clouds
283,Labuan,MY,5.2767,115.2417,82.4,78,40,3.44,scattered clouds
284,Qaqortoq,GL,60.7167,-46.0333,21.2,58,0,4.61,clear sky
285,Saint-Francois,FR,46.4154,3.9054,51.01,71,0,11.5,clear sky
286,Newport,GB,51.5877,-2.9984,37.99,95,0,6.38,clear sky
287,Loudi,CN,27.7344,111.9944,53.02,71,94,1.48,overcast clouds
288,Zhigansk,RU,66.7697,123.3711,-38.7,80,100,5.97,overcast clouds
289,Morristown,US,36.214,-83.2949,41.0,100,20,6.91,few clouds
290,Kuytun,RU,54.3419,101.5036,-1.23,91,99,7.0,overcast clouds
291,Coquimbo,CL,-29.9533,-71.3436,60.8,82,0,2.3,clear sky
292,Erice,IT,38.037,12.5865,55.99,93,20,11.5,few clouds
293,Ojinaga,MX,29.5667,-104.4167,55.4,94,90,5.75,overcast clouds
294,Yambio,SS,4.5721,28.3955,64.72,32,72,4.23,broken clouds
295,Nenjiang,CN,49.1833,125.2167,-0.89,87,0,5.06,clear sky
296,Lakes Entrance,AU,-37.8811,147.981,79.0,50,100,5.99,overcast clouds
297,Evensk,RU,61.95,159.2333,-2.88,82,99,1.1,overcast clouds
298,Rosamorada,MX,22.1222,-105.2058,69.17,74,93,0.31,overcast clouds
299,Buin,CL,-33.7333,-70.75,66.2,68,0,6.91,clear sky
300,Teya,RU,60.3778,92.6267,-22.88,83,100,3.91,overcast clouds
301,Dalaba,GN,10.7,-12.25,59.7,31,77,3.47,broken clouds
302,Beloha,MG,-25.1667,45.05,78.33,84,73,6.69,light rain
303,Port Blair,IN,11.6667,92.75,79.47,56,4,7.43,clear sky
304,Ixtapa,MX,20.7,-105.2,75.0,83,1,13.8,clear sky
305,Kavieng,PG,-2.5744,150.7967,84.11,62,96,6.49,overcast clouds
306,Mafeteng,LS,-29.823,27.2374,65.23,64,0,6.11,clear sky
307,Pangnirtung,CA,66.1451,-65.7125,23.61,79,98,7.27,overcast clouds
308,Sampit,ID,-2.5333,112.95,87.93,61,100,4.23,moderate rain
309,Broome,US,42.2506,-75.833,33.01,64,90,6.91,snow
310,Saryozek,KZ,44.3583,77.9753,29.39,85,100,5.66,overcast clouds
311,Pallasovka,RU,50.05,46.8833,14.95,97,100,12.97,light snow
312,Yulin,CN,22.6333,110.15,75.49,56,0,1.48,clear sky
313,Paso De Carrasco,UY,-34.8603,-56.0522,72.0,68,0,6.91,clear sky
314,Coihaique,CL,-45.5752,-72.0662,57.2,67,0,3.44,clear sky
315,Atar,MR,20.5169,-13.0499,62.51,24,86,11.74,overcast clouds
316,Boyolangu,ID,-8.1181,111.8935,85.37,61,100,3.83,overcast clouds
317,Srednekolymsk,RU,67.45,153.6833,-40.72,81,28,3.6,scattered clouds
318,Wukari,NG,7.85,9.7833,69.44,24,87,6.08,overcast clouds
319,Senanga,ZM,-16.1167,23.2667,66.87,96,100,4.18,light rain
320,Taltal,CL,-25.4,-70.4833,64.74,73,6,2.3,clear sky
321,Buchanan,LR,5.8808,-10.0467,77.4,87,9,4.25,clear sky
322,Mackay,AU,-21.15,149.2,86.0,58,40,14.97,scattered clouds
323,Rognan,NO,67.0953,15.3878,19.99,58,75,33.38,light snow
324,Spassk,RU,52.747,87.7545,25.07,97,100,2.19,light snow
325,Meadow Lake,US,34.8014,-106.5436,44.6,53,20,4.61,few clouds
326,Sassandra,CI,4.95,-6.0833,76.95,89,11,4.47,few clouds
327,Howard Springs,AU,-12.497,131.047,89.01,70,75,11.5,moderate rain
328,Dunedin,NZ,-45.8742,170.5036,58.93,67,87,7.0,light rain
329,Yenagoa,NG,4.9247,6.2642,75.25,92,77,1.66,broken clouds
330,North Platte,US,41.1239,-100.7654,33.01,68,90,5.73,overcast clouds
331,Sirvintos,LT,55.05,24.95,33.01,93,75,12.66,broken clouds
332,Willowmore,ZA,-33.2926,23.4895,72.12,51,83,5.68,broken clouds
333,Sydney,AU,-33.8679,151.2073,91.99,40,0,11.5,clear sky
334,Corinto,GR,37.9407,22.9573,48.99,62,70,3.0,broken clouds
335,Berlevag,NO,70.8578,29.0864,21.09,93,100,21.85,light snow
336,Vardo,NO,70.3705,31.1107,23.0,95,100,26.78,snow
337,Esperance,AU,-33.8667,121.9,78.8,50,0,11.5,clear sky
338,Yulara,AU,-25.2406,130.9889,102.2,7,29,12.66,scattered clouds
339,Bay Roberts,CA,47.5999,-53.2648,30.0,96,100,11.01,snow
340,Pingdu,CN,36.7844,119.9464,37.4,81,90,6.71,mist
341,Slave Lake,CA,55.2834,-114.769,24.8,86,90,10.36,light snow
342,Borba,BR,-4.3878,-59.5939,71.58,98,100,1.63,overcast clouds
343,Alta Floresta,BR,-9.8756,-56.0861,69.85,98,100,3.18,overcast clouds
344,The Valley,AI,18.217,-63.0578,77.0,83,20,4.61,few clouds
345,Zambezi,ZM,-13.5432,23.1047,63.54,97,100,3.58,moderate rain
346,Pauini,BR,-7.7136,-66.9764,72.91,98,100,2.26,overcast clouds
347,Kalmunai,LK,7.4167,81.8167,79.88,79,96,2.08,light rain
348,Muros,ES,42.7762,-9.0603,51.01,88,100,5.99,overcast clouds
349,Sri Aman,MY,1.2376,111.4621,80.6,89,40,1.23,scattered clouds
350,Thinadhoo,MV,0.5333,72.9333,82.45,73,93,7.87,overcast clouds
351,Healesville,AU,-37.65,145.5167,82.99,32,100,1.01,overcast clouds
352,Neiafu,TO,-18.65,-173.9833,82.4,83,75,5.75,light rain
353,Grand Gaube,MU,-20.0064,57.6608,82.0,68,19,8.01,few clouds
354,Mareeba,AU,-17.0,145.4333,84.2,70,75,10.36,broken clouds
355,Pascagoula,US,30.3658,-88.5561,63.0,94,90,3.44,overcast clouds
356,Leningradskiy,RU,69.3833,178.4167,-13.02,87,100,10.25,overcast clouds
357,Lima,PE,-12.0432,-77.0282,73.99,73,0,11.5,clear sky
358,Alyangula,AU,-13.8483,136.4192,80.6,94,90,12.66,heavy intensity rain
359,Kailua,US,21.4022,-157.7394,78.8,69,40,17.27,light rain
360,Padang,ID,-0.9492,100.3543,86.0,70,20,2.3,few clouds
361,Daru,PG,-9.0763,143.2092,84.11,73,93,6.22,light rain
362,Katherine,AU,-14.4667,132.2667,87.8,62,100,6.91,overcast clouds
363,Hasaki,JP,35.7333,140.8333,57.0,43,20,5.75,few clouds
364,Greymouth,NZ,-42.4667,171.2,60.01,83,66,11.36,light rain
365,Barra Patuca,HN,15.8,-84.2833,76.48,87,0,7.49,clear sky
366,Jiayuguan,CN,39.8167,98.3,31.33,77,2,4.76,clear sky
367,Longyearbyen,SJ,78.2186,15.6401,12.2,67,0,14.97,clear sky
368,Timmins,CA,48.4669,-81.3331,8.6,85,90,12.66,snow
369,Pevek,RU,69.7008,170.3133,-17.64,87,100,2.95,overcast clouds
370,Dondo,MZ,-19.6094,34.7431,77.0,83,90,16.11,light rain
371,Rosetta,EG,31.4044,30.4164,51.8,76,40,3.44,scattered clouds
372,Namtsy,RU,62.7161,129.6658,-56.2,51,90,2.24,fog
373,Montepuez,MZ,-13.1256,38.9997,70.66,96,100,6.71,overcast clouds
374,George Town,MY,5.4112,100.3354,82.4,74,20,3.44,few clouds
375,Wuwei,CN,37.9281,102.6414,36.5,54,5,2.26,clear sky
376,Ossora,RU,59.2353,163.0719,7.11,86,100,1.81,overcast clouds
377,Nabire,ID,-3.3667,135.4833,85.23,68,100,5.01,light rain
378,Nynashamn,SE,58.9034,17.9479,39.99,74,99,19.91,overcast clouds
379,Buzmeyin,TM,38.0507,58.2056,24.8,86,75,4.07,broken clouds
380,Pierre,US,44.3683,-100.351,24.8,58,90,11.5,overcast clouds
381,Gawler,AU,-34.6,138.7333,90.0,19,10,8.99,clear sky
382,Rafraf,TN,37.1904,10.1837,50.0,71,40,4.61,scattered clouds
383,Antsohihy,MG,-14.8796,47.9875,74.28,93,45,1.92,scattered clouds
384,Amapa,BR,1.0,-52.0,71.15,98,100,1.86,overcast clouds
385,Saldanha,ZA,-33.0117,17.9442,64.4,77,0,9.22,clear sky
386,Catemaco,MX,18.4167,-95.1167,68.14,92,15,3.83,few clouds
387,Kodinsk,RU,58.6881,99.1844,-17.23,86,100,4.12,overcast clouds
388,Harper,LR,4.375,-7.7169,77.85,87,22,7.38,few clouds
389,Westport,US,41.1415,-73.3579,32.0,69,90,6.96,overcast clouds
390,Sisimiut,GL,66.9395,-53.6735,20.28,79,0,6.51,clear sky
391,Mozarlandia,BR,-14.7447,-50.5706,71.89,85,99,3.98,light rain
392,Severo-Kurilsk,RU,50.6789,156.125,21.61,90,60,3.8,broken clouds
393,Verkhoyansk,RU,67.5447,133.385,-30.35,81,100,1.12,overcast clouds
394,Tarakan,ID,3.3,117.6333,80.6,89,75,4.61,broken clouds
395,Lhokseumawe,ID,5.1801,97.1507,77.9,79,99,2.46,overcast clouds
396,Cururupu,BR,-1.8283,-44.8683,77.14,84,100,4.54,light rain
397,Chermoz,RU,58.787,56.1489,-1.73,93,100,2.44,overcast clouds
398,Cap-Aux-Meules,CA,47.3821,-61.8597,21.2,68,100,5.75,overcast clouds
399,Progreso,MX,21.2833,-89.6667,72.0,83,1,6.91,clear sky
400,Luquillo,PR,18.3725,-65.7166,73.4,88,20,6.15,few clouds
401,Empalme,MX,27.9667,-110.8167,61.0,96,0,3.0,clear sky
402,Asau,RO,46.4333,26.4,32.0,68,98,4.9,overcast clouds
403,Turukhansk,RU,65.8167,87.9833,-42.36,74,0,7.87,clear sky
404,Bairiki,KI,1.3292,172.9752,77.0,94,90,5.75,light intensity drizzle
405,Bereda,ES,43.2686,-7.5406,44.01,96,100,10.0,moderate rain
406,Jaru,BR,-10.4389,-62.4664,71.26,97,100,3.29,overcast clouds
407,Zhireken,RU,52.8249,117.3076,-6.92,83,20,1.68,few clouds
408,Mogadishu,SO,2.0371,45.3438,77.09,86,2,14.43,clear sky
409,College,US,64.8569,-147.8028,1.4,85,20,3.44,few clouds
410,Acarau,BR,-2.8856,-40.12,78.33,83,100,11.54,overcast clouds
411,Iracoubo,GF,5.4802,-53.2011,75.72,92,100,13.24,overcast clouds
412,Havre-Saint-Pierre,CA,50.2334,-63.5986,-4.0,84,20,8.05,few clouds
413,Strezhevoy,RU,60.7333,77.5889,-22.0,76,0,11.18,light snow
414,Macia,MZ,-25.0269,33.0989,66.87,90,5,3.15,clear sky
415,Aden,YE,12.7794,45.0367,74.91,70,90,12.86,overcast clouds
416,Christchurch,NZ,-43.5333,172.6333,68.0,60,74,18.41,broken clouds
417,Altay,CN,47.8667,88.1167,23.63,85,53,3.98,broken clouds
418,Kungurtug,RU,50.5994,97.5228,12.47,88,43,2.59,scattered clouds
419,Faya,SA,18.3851,42.4509,50.0,40,0,4.38,dust
420,Scottsbluff,US,41.8666,-103.6672,33.8,40,90,8.05,overcast clouds
421,Ahuimanu,US,21.4447,-157.8378,78.8,69,40,17.27,light rain
422,Madras,IN,13.0878,80.2785,77.0,100,87,3.74,fog
423,Maldonado,UY,-34.6667,-54.9167,69.8,88,0,10.36,clear sky
424,Sapucaia,BR,-29.8333,-51.15,75.2,88,40,12.66,scattered clouds
425,Sutton,GB,51.35,-0.2,36.0,89,0,7.05,clear sky
426,El Alto,PE,-4.2714,-81.2147,71.83,79,74,16.11,broken clouds
427,Necochea,AR,-38.5473,-58.7368,75.52,43,0,19.77,light rain
428,Cape Coast,GH,5.1053,-1.2466,78.44,87,52,6.44,broken clouds
429,Roald,NO,62.5833,6.1333,39.2,87,90,8.05,overcast clouds
430,Komsomolskiy,UZ,40.4272,71.7189,32.0,59,75,39.12,broken clouds
431,Kindu,CD,-2.95,25.95,68.81,97,100,3.31,light rain
432,Dusseldorf,DE,51.2217,6.7762,43.0,93,75,13.8,broken clouds
433,Medina Del Campo,ES,41.3124,-4.9141,48.0,87,75,33.38,broken clouds
434,Takestan,IR,36.0696,49.6959,17.6,73,0,2.3,clear sky
435,Meulaboh,ID,4.1363,96.1285,81.27,79,28,3.94,scattered clouds
436,Chernyshevskiy,RU,63.0128,112.4714,-54.24,76,54,1.97,broken clouds
437,Acajutla,SV,13.5928,-89.8275,80.02,65,0,9.69,clear sky
438,Ordzhonikidze,KZ,52.4411,61.7408,-1.52,92,99,8.99,overcast clouds
439,Khash,IR,28.2211,61.2158,38.12,72,0,5.86,clear sky
440,Riacho De Santana,BR,-13.6092,-42.9389,71.37,66,1,10.0,clear sky
441,Karratha,AU,-20.7377,116.8463,93.6,38,100,8.43,overcast clouds
442,Khandbari,NP,27.3747,87.2039,57.49,46,0,0.4,clear sky
443,Sao Desiderio,BR,-12.3633,-44.9733,71.85,63,17,3.27,few clouds
444,Castrillon,ES,43.3979,-6.7922,48.2,81,90,18.41,overcast clouds
445,Yarensk,RU,62.1675,49.0916,-11.11,90,84,4.25,broken clouds
446,Buenaventura,CO,3.8801,-77.0312,73.98,94,100,4.03,moderate rain
447,Tigil,RU,57.8,158.6667,-12.87,88,0,0.76,clear sky
448,Erenhot,CN,43.6475,111.9767,12.22,90,0,6.6,clear sky
449,Uvira,CD,-3.4067,29.1458,72.16,68,98,0.69,overcast clouds
450,Russell,US,32.3502,-85.1999,55.99,100,90,3.44,moderate rain
451,Batagay-Alyta,RU,67.8006,130.4114,-24.84,84,100,1.68,overcast clouds
452,Tessalit,ML,20.1986,1.0114,57.27,31,11,10.51,few clouds
453,Todos Santos,MX,23.45,-110.2167,71.01,87,49,1.01,scattered clouds
454,Calama,CL,-22.4667,-68.9333,51.8,37,0,4.61,clear sky
455,Mana,GF,5.6592,-53.7767,76.14,89,97,13.0,overcast clouds
456,Sabzevar,IR,36.2126,57.6819,26.17,84,0,6.38,clear sky
457,Kirkenes,NO,69.7271,30.0458,-2.2,84,100,9.22,overcast clouds
458,Dongtai,CN,32.8523,120.3095,44.98,89,100,8.81,overcast clouds
459,Abu Dhabi,AE,24.4667,54.3667,66.2,63,75,13.8,broken clouds
460,Bitung,ID,1.4451,125.1824,87.8,66,40,4.61,light rain
461,Rawson,AR,-43.3002,-65.1023,75.72,48,0,5.48,clear sky
462,Businga,CD,3.3333,20.8833,67.68,48,88,1.63,overcast clouds
463,Male,MV,4.1748,73.5089,82.4,74,75,5.75,broken clouds
464,Benguela,AO,-12.5763,13.4055,73.78,78,98,3.91,overcast clouds
465,Saint-Joseph,RE,-21.3667,55.6167,82.4,74,0,4.61,clear sky
466,Kulob,TJ,37.9145,69.783,28.4,100,90,11.18,snow
467,Kirakira,SB,-10.4544,161.9205,85.01,67,83,11.07,broken clouds
468,Insar,RU,53.8653,44.3738,8.82,95,100,4.59,overcast clouds
469,Dongying,CN,37.4564,118.4856,35.02,81,100,10.49,overcast clouds
470,Raudeberg,NO,61.9875,5.1352,37.0,81,84,6.8,broken clouds
471,Zyryanka,RU,65.75,150.85,-40.18,79,36,3.96,scattered clouds
472,Gravelbourg,CA,49.8834,-106.5512,14.0,79,16,8.05,few clouds
473,Mastic Beach,US,40.7668,-72.8521,26.6,74,1,13.71,clear sky
474,Finsterwalde,DE,51.6333,13.7167,53.6,54,75,17.27,broken clouds
475,Kavaratti,IN,10.5669,72.642,81.82,71,47,10.54,scattered clouds
476,Guane,CU,22.2025,-84.0875,63.99,80,1,3.76,clear sky
477,Mocuba,MZ,-16.8392,36.9856,74.05,96,100,9.93,overcast clouds
478,Ostrovnoy,RU,68.0531,39.5131,0.43,91,99,8.46,overcast clouds
479,Comodoro Rivadavia,AR,-45.8667,-67.5,75.2,35,0,20.71,clear sky
480,Vao,NC,-22.6667,167.4833,75.02,79,84,18.86,broken clouds
481,Sibolga,ID,1.7427,98.7792,83.91,64,100,1.66,overcast clouds
482,Penzance,GB,50.1186,-5.5371,41.0,87,20,9.22,few clouds
483,Changji,CN,44.0167,87.3167,8.6,78,20,4.47,mist
484,Nyandoma,RU,61.669,40.1991,-11.67,90,100,5.61,overcast clouds
485,Kayerkan,RU,69.3497,87.7602,-39.84,76,13,3.06,few clouds
486,Svetlogorsk,BY,52.6333,29.7333,34.16,92,99,10.13,overcast clouds
487,Copacabana,CO,6.3463,-75.5089,60.8,94,40,4.61,scattered clouds
488,Mayo,US,38.8876,-76.5119,42.8,75,1,8.93,clear sky
489,Tilichiki,RU,60.4667,166.1,-3.37,93,100,9.19,overcast clouds
490,Olsztyn,PL,53.7799,20.4942,35.6,87,0,6.91,clear sky
491,Pokhara,NP,28.2333,83.9833,57.67,55,5,1.19,clear sky
492,Boende,CD,-0.2167,20.8667,72.79,75,93,1.23,overcast clouds
493,Skeldon,GY,5.8833,-57.1333,74.59,94,81,6.22,broken clouds
494,Rozkishne,UA,48.5074,39.3004,34.66,93,92,11.36,overcast clouds
495,Grindavik,IS,63.8424,-22.4338,26.6,80,75,24.16,broken clouds
496,Vila Do Maio,CV,15.1333,-23.2167,69.8,78,0,18.41,clear sky
497,Bac Lieu,VN,9.285,105.7244,80.11,69,67,6.93,broken clouds
498,Golden,US,39.7555,-105.2211,39.0,48,75,5.75,broken clouds
499,Uyuni,BO,-20.4597,-66.825,48.02,73,94,12.39,moderate rain
500,Stykkisholmur,IS,65.0757,-22.7297,26.55,90,42,25.86,scattered clouds
501,Istok,XK,42.7808,20.4875,39.2,70,75,6.91,broken clouds
502,Bosaso,SO,11.2842,49.1816,70.95,75,11,4.52,few clouds
503,Margate,GB,51.3813,1.3862,37.0,84,26,1.99,scattered clouds
504,Tampere,FI,61.4991,23.7871,27.0,100,90,8.05,mist
505,Agadez,NE,19.75,10.25,53.96,39,0,10.87,clear sky
506,Raga,SS,8.4596,25.678,59.49,34,33,4.61,scattered clouds
507,Corowa,AU,-36.0333,146.3833,96.01,14,100,8.99,overcast clouds
508,Youhao,CN,47.8667,128.8333,4.06,82,100,3.31,overcast clouds
509,Hovd,MN,48.0056,91.6419,8.74,85,100,1.63,overcast clouds
510,Sinnamary,GF,5.3833,-52.95,75.67,92,95,14.05,overcast clouds
511,Timra,SE,62.487,17.3257,37.99,87,90,13.8,overcast clouds
512,Shahr-E Babak,IR,30.1165,55.1186,29.34,82,40,7.61,scattered clouds
513,Igrim,RU,63.1906,64.4162,-31.83,82,100,9.93,overcast clouds
514,Moyamba,SL,8.1667,-12.4333,72.07,96,0,1.14,clear sky
515,Hays,US,30.0502,-98.0336,60.01,94,95,5.3,overcast clouds
516,Kenora,CA,49.8167,-94.4337,-5.01,84,20,8.05,few clouds
517,Conceicao Da Barra,BR,-18.5933,-39.7322,74.53,80,0,3.24,clear sky
518,Rengo,CL,-34.4167,-70.8667,68.0,64,0,1.63,clear sky
519,Cravo Norte,CO,6.3017,-70.2041,79.03,62,24,3.91,few clouds
520,Mathbaria,BD,22.2876,89.9593,71.42,37,0,2.44,clear sky
521,Boffa,GN,10.1667,-14.0333,70.0,89,93,2.35,overcast clouds
522,Morro Bay,US,35.3658,-120.8499,54.0,91,71,1.01,broken clouds
523,Obera,AR,-27.4871,-55.1199,67.8,94,82,5.37,broken clouds
524,Enshi,CN,30.3,109.4833,48.4,84,100,0.78,overcast clouds
525,Santo Andre,BR,-23.6639,-46.5383,71.6,78,75,8.05,broken clouds
526,Kalispell,US,48.1958,-114.3129,27.0,63,90,4.9,overcast clouds
527,San Borja,BO,-14.8167,-66.85,73.29,65,73,3.42,broken clouds
528,Pinyug,RU,60.251,47.7842,-19.37,88,81,3.49,broken clouds
529,Hermagor,AT,46.6272,13.3672,44.01,98,100,4.52,light rain
530,Dahra,DZ,36.2546,0.8519,51.8,71,20,3.44,few clouds
531,Sapele,NG,5.8941,5.6767,74.91,91,66,1.61,broken clouds
532,Shelburne,CA,44.0787,-80.2041,34.0,94,60,15.68,broken clouds
533,Conde,BR,-7.2597,-34.9075,77.0,88,20,4.61,few clouds
534,Sambava,MG,-14.2667,50.1667,78.71,85,100,1.92,light rain
535,Oranjestad,AW,12.524,-70.027,78.8,78,20,12.66,few clouds
536,Nueva Loja,EC,0.0847,-76.8828,72.18,96,100,1.36,moderate rain
537,Lere,NG,10.387,8.5726,59.04,33,76,7.34,broken clouds
538,High Rock,BS,26.6208,-78.2833,66.2,77,97,4.61,overcast clouds
539,Anadyr,RU,64.75,177.4833,1.4,85,40,6.71,light snow
540,Ketchikan,US,55.3422,-131.6461,33.8,80,1,10.36,clear sky
541,Plouzane,FR,48.3833,-4.6167,41.0,93,0,3.44,heavy intensity rain
542,Vasterhaninge,SE,59.1167,18.1,39.99,74,98,17.36,overcast clouds
543,Sungaipenuh,ID,-2.0833,101.3833,75.63,53,100,4.14,overcast clouds
544,Oriximina,BR,-1.7656,-55.8661,73.74,90,74,1.19,broken clouds
545,Athabasca,CA,54.7169,-113.2854,17.6,92,6,3.44,clear sky
546,Noumea,NC,-22.2763,166.4572,82.4,61,0,18.41,clear sky
547,Quatre Cocos,MU,-20.2078,57.7625,82.0,74,20,9.22,few clouds
548,Tual,ID,-5.6667,132.75,84.13,72,51,5.97,broken clouds
549,Luangwa,ZM,-15.6167,30.4167,72.18,93,100,2.8,moderate rain
550,Luau,AO,-10.7073,22.2247,63.97,100,100,2.77,light rain
551,Sao Lourenco Do Oeste,BR,-26.3592,-52.8511,70.0,94,100,6.58,light rain
552,Killybegs,IE,54.6333,-8.45,35.01,96,2,4.0,clear sky
553,Rocha,UY,-34.4833,-54.3333,63.73,94,0,6.15,clear sky
554,Terrace,CA,54.5163,-128.6035,28.4,74,90,16.11,overcast clouds
555,Kashmor,PK,28.4333,69.5833,60.17,38,0,5.99,clear sky
556,Temir,KZ,49.1414,57.13,-4.72,91,100,8.28,overcast clouds
557,Lexington Park,US,38.2668,-76.4538,48.2,46,1,6.91,clear sky
558,Batticaloa,LK,7.7102,81.6924,80.02,77,99,2.13,light rain
559,Dromolaxia,CY,34.8761,33.586,41.0,87,0,5.75,clear sky
560,Abu Kamal,SY,34.4506,40.9171,37.74,70,6,5.23,clear sky
561,Trinidad,BO,-14.8333,-64.9,74.48,79,90,1.81,overcast clouds
562,Tombouctou,ML,20.0,-3.0,60.26,26,2,13.0,clear sky
563,Praia Da Vitoria,PT,38.7333,-27.0667,59.0,72,20,7.14,few clouds
564,Walvis Bay,NA,-22.9575,14.5053,68.0,88,100,3.44,overcast clouds
565,Preston,GB,53.7667,-2.7167,37.99,89,25,13.47,scattered clouds
566,Caconda,AO,-13.7333,15.0667,60.66,68,100,3.13,overcast clouds
567,Kabalo,CD,-6.05,26.9167,68.2,96,100,1.81,overcast clouds
568,Pachora,IN,20.6667,75.35,70.59,23,0,2.95,clear sky
569,Mnogovershinnyy,RU,53.9353,139.9242,-11.42,88,100,6.49,overcast clouds
570,Ampanihy,MG,-24.7,44.75,79.3,73,31,7.47,scattered clouds
571,Uribia,CO,11.7139,-72.266,77.41,75,1,10.0,clear sky
572,Flinders,AU,-34.5833,150.8552,81.0,69,29,14.0,scattered clouds
573,Saiha,IN,22.4833,92.9667,66.11,59,5,1.34,clear sky
574,Bayir,TR,37.2687,28.2167,41.0,100,75,4.61,broken clouds
575,Mombasa,KE,-4.0547,39.6636,77.4,88,100,8.48,light rain
576,Nalut,LY,30.3333,10.85,45.9,56,0,8.46,clear sky
577,Sao Joao Da Barra,BR,-21.6403,-41.0511,75.06,88,30,4.79,scattered clouds
578,Conakry,GN,9.538,-13.6773,78.04,75,7,5.7,clear sky
579,Thunder Bay,CA,48.4001,-89.3168,3.2,60,90,9.22,light snow
580,Maues,BR,-3.3836,-57.7186,71.65,97,99,1.9,overcast clouds
581,Sulangan,PH,11.1373,123.7228,81.19,77,1,4.83,light rain
582,Tadine,NC,-21.55,167.8833,78.39,77,100,18.03,overcast clouds
583,Den Helder,NL,52.9599,4.7593,43.0,75,90,18.41,overcast clouds
584,Naryan-Mar,RU,67.6713,53.087,-21.75,86,85,8.75,overcast clouds
585,Sexsmith,CA,55.35,-118.786,15.8,86,75,5.75,broken clouds
586,Pontes E Lacerda,BR,-15.2261,-59.3353,71.85,97,100,1.28,moderate rain
587,Lavrentiya,RU,65.5833,-171.0,22.89,97,100,21.05,light snow
588,Takahashi,JP,34.7833,133.6167,46.0,100,75,5.75,fog
589,Plettenberg Bay,ZA,-34.0527,23.3716,69.76,81,100,2.33,overcast clouds
590,Krasnyy Kut,RU,50.95,46.9667,13.8,96,100,8.1,overcast clouds
591,Yola,NG,9.2,12.4833,65.35,28,76,1.97,broken clouds
592,Santa Cruz Del Norte,CU,23.1539,-81.9236,64.4,94,20,5.75,few clouds
593,Krasnoselkup,RU,65.7,82.4667,-44.66,77,35,9.73,scattered clouds
594,Fontenay-Le-Comte,FR,46.5833,-1.0,53.6,93,90,17.27,overcast clouds
595,Khor,RU,47.8861,134.9464,-6.12,87,0,10.56,clear sky
596,General Roca,AR,-39.0333,-67.5833,91.4,25,0,8.05,clear sky
597,Mlonggo,ID,-6.5333,110.7,84.2,74,40,6.91,scattered clouds
598,Kolokani,ML,13.5728,-8.0339,67.91,22,100,11.61,overcast clouds
599,Chara,RU,56.9064,118.2631,-20.43,70,0,0.13,clear sky
600,Grand Forks,US,47.9417,-97.4337,1.4,78,1,7.27,clear sky
601,Ucar,AZ,40.519,47.6542,28.4,93,75,5.75,broken clouds
602,Zhangjiakou,CN,40.81,114.8794,25.36,74,0,0.72,clear sky
603,Shitanjing,CN,39.2342,106.3439,28.99,65,92,5.28,overcast clouds
604,Qazanbulaq,AZ,40.6192,46.6519,28.4,86,40,3.51,scattered clouds
605,Okhotsk,RU,59.3833,143.3,-9.4,85,99,13.04,overcast clouds
606,Hualmay,PE,-11.0964,-77.6139,70.11,83,68,7.49,broken clouds
607,Mianwali,PK,32.5741,71.5264,53.96,39,99,0.78,overcast clouds
608,Avera,US,33.194,-82.5271,55.4,97,90,5.75,overcast clouds
609,Mitsamiouli,KM,-11.3847,43.2844,82.92,77,96,14.47,light rain
610,Tottori,JP,35.5,134.2333,46.4,93,75,5.75,light rain
611,Borzya,RU,50.3833,116.5167,1.26,88,21,3.47,few clouds
612,Maple Creek,CA,49.9168,-109.4848,21.2,79,54,6.91,broken clouds
613,Diapaga,BF,12.0708,1.7889,66.74,23,1,9.57,clear sky
614,Suoyarvi,RU,62.0833,32.35,10.6,96,100,12.33,snow
615,Khani,GE,41.9563,42.9566,32.0,74,0,10.36,clear sky
616,Carballo,ES,43.213,-8.691,46.0,93,100,5.99,light rain
617,Clarence Town,AU,-32.5833,151.7833,91.99,42,0,10.36,clear sky
618,Aragona,IT,37.4008,13.6176,48.99,89,0,4.0,clear sky
619,Fuengirola,ES,36.54,-4.6247,57.0,87,75,2.3,broken clouds
620,Sioux Lookout,CA,50.1001,-91.917,-4.0,71,90,10.36,snow
621,Pahrump,US,36.2083,-115.9839,51.01,49,0,1.99,clear sky
622,Malinao,PH,7.5917,124.6889,75.04,83,94,1.81,light rain
623,Hervey Bay,AU,-25.2986,152.8535,82.99,57,0,4.0,clear sky
624,Haines Junction,CA,60.7522,-137.5108,-9.4,84,11,1.14,few clouds
625,Tavricheskoye,RU,54.5851,73.6395,-16.6,69,5,4.47,clear sky
626,Ramsar,IR,36.9226,50.6426,37.4,81,0,2.3,clear sky
627,Ati,TD,13.2154,18.3353,59.45,32,26,11.27,scattered clouds
628,Banganapalle,IN,15.3167,78.2333,75.04,75,0,3.47,clear sky
629,Havelock,US,34.8791,-76.9013,50.0,87,1,9.22,clear sky
630,Ipil,PH,7.75,122.5167,82.94,70,93,1.5,overcast clouds
631,Palasa,IN,18.7667,84.4167,75.7,65,0,2.26,clear sky
632,Ghorawal,IN,24.7667,82.7833,58.39,42,0,4.16,clear sky
633,Nyrob,RU,60.733,56.7202,-11.54,88,80,3.87,broken clouds
634,Camacha,PT,33.0833,-16.3333,62.6,100,75,12.66,broken clouds
635,Konstantinovka,RU,49.6167,127.9833,-4.85,89,98,1.83,overcast clouds
636,Hobyo,SO,5.3505,48.5268,78.21,83,74,19.17,broken clouds
637,Dhanwar,IN,24.4167,85.9833,61.81,36,0,3.49,clear sky
638,Grobina,LV,56.5352,21.1678,37.4,87,20,10.36,few clouds
639,Sunrise Manor,US,36.2111,-115.0731,59.0,36,1,0.38,clear sky
640,Khorinsk,RU,52.1657,109.7726,-2.7,86,96,1.36,overcast clouds
641,Xining,CN,36.6167,101.7667,27.64,64,67,2.73,broken clouds
642,North Bend,US,43.4065,-124.2243,48.99,81,90,6.91,overcast clouds
643,Man,CI,7.4125,-7.5538,69.8,72,65,2.48,broken clouds
644,Lillesand,NO,58.2488,8.3778,42.01,81,90,26.46,overcast clouds
645,Magan,ES,39.9683,-3.931,52.0,83,100,15.99,overcast clouds
646,Bandarbeyla,SO,9.4942,50.8122,72.66,81,33,16.02,scattered clouds
647,Fort Saint James,CA,54.4333,-124.25,9.99,94,99,0.85,overcast clouds
648,Denpasar,ID,-8.65,115.2167,77.0,94,75,12.66,broken clouds
649,Spornoye,RU,50.8448,37.2913,26.6,93,90,6.71,fog
650,Islamkot,PK,24.6997,70.177,61.74,87,0,6.98,clear sky
651,Gualaquiza,EC,-3.4,-78.55,63.1,89,38,1.54,light rain
652,Nushki,PK,29.5542,66.0215,50.18,48,0,7.74,clear sky
653,Reykjavik,IS,64.1355,-21.8954,28.4,74,20,24.16,few clouds
654,Kawalu,ID,-7.3817,108.2082,82.08,67,97,2.51,overcast clouds
655,Biak,ID,-0.9131,122.8766,83.97,68,9,1.99,light rain
656,Algeciras,ES,36.1333,-5.4505,60.8,88,75,19.57,broken clouds
657,Pathein,MM,16.7833,94.7333,79.27,58,0,8.16,clear sky
658,Colares,PT,38.7992,-9.4469,59.0,100,42,27.0,scattered clouds
659,Quimper,FR,48.0,-4.1,37.4,100,0,4.18,clear sky
660,Mahanoro,MG,-19.9,48.8,78.21,89,75,4.36,broken clouds
661,Miraflores,MX,19.2167,-98.8083,66.2,32,1,3.44,clear sky
662,Raver,IN,21.25,76.0333,68.07,25,1,5.06,clear sky
663,Dingle,PH,10.9995,122.6711,82.8,77,74,7.43,light rain
664,Cuicatlan,MX,17.8,-96.9667,68.22,71,2,1.57,clear sky
665,Moanda,GA,-1.5575,13.2178,69.84,94,20,2.26,few clouds
666,Korla,CN,41.7597,86.1469,24.22,80,100,2.35,overcast clouds
667,Batesville,US,35.7698,-91.641,46.0,81,1,3.44,clear sky
668,Zhezkazgan,KZ,47.8043,67.7144,-5.22,89,79,8.68,broken clouds
669,Jhargram,IN,22.45,86.9833,65.64,31,0,6.78,clear sky
670,Ullal,IN,12.8,74.85,77.0,78,0,3.44,mist
671,Puerto Quijarro,BO,-17.7833,-57.7667,75.45,85,100,1.14,moderate rain
672,Homer,US,59.6425,-151.5483,39.99,81,90,6.91,moderate rain
673,Sept-Iles,CA,50.2001,-66.3821,8.6,66,100,6.91,overcast clouds
674,Astoria,US,46.1879,-123.8313,44.6,81,1,10.36,clear sky
675,Soe,ID,-9.8607,124.284,82.27,66,83,2.19,broken clouds
676,Namatanai,PG,-3.6667,152.4333,84.47,59,100,7.38,overcast clouds
677,Champerico,GT,14.3,-91.9167,66.99,93,0,5.48,clear sky
